id,sku,cat1,cat2,cat3,cat4,cat5,cat6,cat7
1582,RCP3552GRA,Default Category,Waste,Rigid Liners,,,,
1583,RCP3553STL,Default Category,Waste,Indoor Waste Receptacles,Slim Jim Containers,,,
1584,RCP3563BEI,Default Category,Waste,Rigid Liners,,,,
1585,RCP3566GRA,Default Category,Waste,Rigid Liners,,,,
1586,RCP356907Green,Default Category,Waste,Recycling Containers,,,,
1587,RCP356973BLU,Default Category,Waste,Recycling Containers,,,,
1588,RCP356988BRO,Default Category,Waste,Indoor Waste Receptacles,Waste Receptacles,,,
1589,RCP356988BEI,Default Category,Waste,Indoor Waste Receptacles,Waste Receptacles,,,
1590,RCP356988BLA,Default Category,Waste,Indoor Waste Receptacles,Waste Receptacles,,,
1591,RCP356988GRA,Default Category,Waste,Indoor Waste Receptacles,Waste Receptacles,,,
1592,RCP360088WHI,Default Category,Food Service,Ingredient Bins,Kitchen Supplies,,,
1593,RCP360288WHI,Default Category,Food Service,Ingredient Bins,Kitchen Supplies,,,
1594,RCP360388WHI,Default Category,Food Service,Ingredient Bins,Kitchen Supplies,,,
1595,RCP3620BLA,Default Category,Waste,Waste Receptacles Lids,,,,
1596,RCP3690WHI,Default Category,Food Service,Kitchen Supplies,Food Storage Containers & Lids,,,
1597,RCP3958BEI,Default Category,Waste,Indoor Waste Receptacles,Waste Receptacles,,,
1598,RCP3958GRA,Default Category,Waste,Outdoor Waste Receptacles,Waste Receptacles,,,
1599,RCP395873BLU,Default Category,Recycling Containers,,,,,
1600,RCP3959BEI,Default Category,Waste,Rigid Liners,,,,
1601,RCP3959GRA,Default Category,Waste,Rigid Liners,,,,
1602,RCP395973BLU,Default Category,Waste,Recycling Containers,,,,
1603,RCP3964BEI,Default Category,Waste,Outdoor Waste Receptacles,Plaza Containers,,,
1604,RCP3964BLA,Default Category,Waste,Outdoor Waste Receptacles,Plaza Containers,,,
1605,RCP3964DGR,Default Category,Waste,Outdoor Waste Receptacles,Plaza Containers,,,
1606,RCP3965BEI,Default Category,Waste,Outdoor Waste Receptacles,Plaza Containers,,,
1607,RCP3965BLA,Default Category,Waste,Outdoor Waste Receptacles,Plaza Containers,,,
1608,RCP3965DGR,Default Category,Waste,Outdoor Waste Receptacles,Plaza Containers,,,
1609,RCP396873BLU,Default Category,Waste,Recycling Containers,,,,
1610,RCP396973BLU,Default Category,Waste,Recycling Containers,,,,
1611,RCP3970SAB,Default Category,Waste,Outdoor Waste Receptacles,Landmark,,,
1612,RCP3975SAB,Default Category,Waste,Outdoor Waste Receptacles,Landmark,,,
1613,RCP397589,Default Category,Waste,Outdoor Waste Receptacles,Landmark,,,
1614,RCP4003RIV,Default Category,Waste,Outdoor Waste Receptacles,Landmark,,,
1615,RCP4004RIV,Default Category,Waste,Outdoor Waste Receptacles,Landmark,,,
1616,RCP4091BLA,Default Category,Material Handling,Service Carts ,Utility Carts,,,
1617,RCP4091GRA,Default Category,Material Handling,Service Carts ,Utility Carts,,,
1618,RCP4091CRE,Default Category,Material Handling,Service Carts ,Utility Carts,,,
1619,RCP4092CRE,Default Category,Material Handling,Service Carts ,,,,
1620,RCP4093BLA,Default Category,Material Handling,Service Carts ,Utility Carts,,,
1621,RCP4093CRE,Default Category,Material Handling,Service Carts ,Utility Carts,,,
1622,RCP4095BLA,Default Category,Material Handling,Service Carts ,Utility Carts,,,
1623,RCP4096BLA,Default Category,Material Handling,Utility Carts,,,,
1624,RCP421388BLA,Default Category,Cleaning,Floor & Carpet Care,Sweepers,,,
1625,RCP421588BLA,Default Category,Cleaning,Floor & Carpet Care,Sweepers,,,
1626,RCP424288,Default Category,Agriculture,Waste,Stock Tanks,Outdoor Waste Receptacles,Livestock Tanks,
1627,RCP4243,Default Category,Waste,Stock Tanks,Outdoor Waste Receptacles,Livestock Tanks,,
1628,RCP4244,Default Category,Agriculture,Waste,Stock Tanks,Outdoor Waste Receptacles,Livestock Tanks,
1629,RCP4245BLA,Default Category,Agriculture,Waste,Stock Tanks,Outdoor Waste Receptacles,Livestock Tanks,
1630,RCP4247BLA,Default Category,Agriculture,Waste,Stock Tanks,Outdoor Waste Receptacles,Livestock Tanks,
1631,RCP424806,Default Category,Agriculture,Waste,Stock Tanks,Outdoor Waste Receptacles,Livestock Tanks,
1632,RCP4251YEL,Default Category,Safety,Safety Signs,Pads,,,
1633,RCP4252YEL,Default Category,Safety,Safety Signs,Pads,,,
1634,RCP4253YEL,Default Category,Safety,Safety Signs,Pads,,,
1635,RCP4254YEL,Default Category,Safety,Safety Signs,Pads,,,
1636,RCP4300BLA,Default Category,Material Handling,Utility Carts,,,,
1637,RCP4400BLA,Default Category,Material Handling,Triple Trolley Carts,Utility Carts,,,
1638,RCP4401BLA,Default Category,Material Handling,Triple Trolley Carts,Utility Carts,,,
1639,RCP4403BLA,Default Category,Material Handling,Platform Trucks,,,,
1640,RCP4406BLA,Default Category,Material Handling,Platform Trucks,,,,
1641,RCP4436BLA,Default Category,Material Handling,Platform Trucks,,,,
1642,RCP443610BLA,Default Category,Material Handling,Platform Trucks,,,,
1643,RCP4441BLA,Default Category,Material Handling,Platform Trucks,,,,
1644,RCP4462BLA,Default Category,Material Handling,Platform Trucks,,,,
1645,RCP4463BLA,Default Category,Material Handling,Platform Trucks,,,,
1646,RCP4464BLA,Default Category,Material Handling,Platform Trucks,,,,
1647,RCP4465BLA,Default Category,Material Handling,Platform Trucks,,,,
1648,RCP4466BLA,Default Category,Material Handling,Platform Trucks,,,,
1649,RCP446610BLA,Default Category,Material Handling,Platform Trucks,,,,
1650,RCP4467BLA,Default Category,Material Handling,Platform Trucks,,,,
1651,RCP4468BLA,Default Category,Material Handling,Platform Trucks,,,,
1652,RCP4469BLA,Default Category,Material Handling,Platform Trucks,,,,
1653,RCP4471BLA,Default Category,Material Handling,Platform Trucks,,,,
1654,RCP4473BLA,Default Category,Material Handling,Platform Trucks,,,,
1655,RCP4475BLA,Default Category,Material Handling,Platform Trucks,,,,
1656,RCP4477BLA,Default Category,Material Handling,Platform Trucks,,,,
1657,RCP4479BLA,Default Category,Material Handling,Platform Trucks,,,,
1658,RCP4485BLA,Default Category,Material Handling,Platform Trucks,,,,
1659,RCP4486BLA,Default Category,Material Handling,Platform Trucks,,,,
1660,RCP4496BLA,Default Category,Material Handling,Platform Trucks,,,,
1661,RCP450088BEI,Default Category,Material Handling,Utility Carts,,,,
1662,RCP450088BLA,Default Category,Material Handling,Utility Carts,,,,
1663,RCP4501L1,Default Category,Material Handling,Cart Accessories,,,,
1664,RCP4501L2,Default Category,Material Handling,Cart Accessories,,,,
1665,RCP4505BEI,Default Category,Material Handling,Utility Carts,,,,
1666,RCP4505BLA,Default Category,Material Handling,Utility Carts,,,,
1667,RCP451288BLA,Default Category,Material Handling,TradeMaster Carts,Utility Carts,,,
1668,RCP451388BLA,Default Category,Material Handling,TradeMaster Carts,Utility Carts,,,
1669,RCP4593RED,Default Category,Material Handling,Utility Carts,,,,
1670,RCP452088BEI,Default Category,Material Handling,Utility Carts,,,,
1671,RCP452088BLA,Default Category,Material Handling,Utility Carts,,,,
1672,RCP4525BEI,Default Category,Material Handling,Utility Carts,,,,
1673,RCP4525BLA,Default Category,Material Handling,Utility Carts,,,,
1674,RCP453288BLA,Default Category,Material Handling,TradeMaster Carts,Utility Carts,,,
1675,RCP453388BLA,Default Category,Material Handling,TradeMaster Carts,Utility Carts,,,
1676,RCP453588BLA,Default Category,Material Handling,TradeMaster Carts,Utility Carts,,,
1677,RCP4545BLA,Default Category,Material Handling,Utility Carts,,,,
1678,RCP4546BLA,Default Category,Material Handling,Utility Carts,,,,
1679,RCP454610BLA,Default Category,Material Handling,Utility Carts,,,,
1680,RCP454888BLA,Default Category,Material Handling,TradeMaster Carts,Utility Carts,,,
1681,RCP4590,Default Category,Material Handling,Cart Accessories,,,,
1682,RCP4592,Default Category,Material Handling,TradeMaster Carts,Utility Carts,,,
1683,RCP4603,Default Category,,,,,,
1684,RCP4608BLA,Default Category,Material Handling,Cube Trucks,,,,
1685,RCP4609BLA,Default Category,Material Handling,Cube Trucks,,,,
1686,RCP4611BLA,Default Category,Material Handling,Cube Trucks,,,,
1687,RCP4612BLA,Default Category,Material Handling,Cube Trucks,,,,
1688,RCP4613BLA,Default Category,Material Handling,Cube Trucks,,,,
1689,RCP4614BLA,Default Category,Material Handling,Cube Trucks,,,,
1690,RCP4615BLA,Default Category,Material Handling,Cube Trucks,,,,
1691,RCP4616BLA,Default Category,Material Handling,Cube Trucks,,,,
1692,RCP461673BLU,Default Category,Material Handling,Cube Trucks,,,,
1693,RCP4617BLA,Default Category,Material Handling,Cube Trucks,,,,
1694,RCP4618BLA,Default Category,Material Handling,Cube Trucks,,,,
1695,RCP4619BLA,Default Category,Material Handling,Cube Trucks,,,,
1696,RCP4708BLA,Default Category,Material Handling,Cube Trucks,,,,
1697,RCP4712BLA,Default Category,Material Handling,Cube Trucks,,,,
1698,RCP4716BLA,Default Category,Material Handling,Cube Trucks,,,,
1699,RCP4720BLA,Default Category,Material Handling,Cube Trucks,,,,
1700,RCP4726BLA,Default Category,Material Handling,Cube Trucks,,,,
1701,RCP4727BLA,Default Category,Material Handling,Cube Trucks,,,,
1702,RCP500388CLE,Default Category,Waste,Trash Bags,Can Liners,,,
1703,RCP500488GRA,Default Category,Waste,Trash Bags,Can Liners,,,
1704,RCP500788GRA,Default Category,Waste,Trash Bags,Can Liners,,,
1705,RCP500888CLE,Default Category,Waste,Trash Bags,Can Liners,,,
1706,RCP500888GRA,Default Category,Waste,Trash Bags,Can Liners,,,
1707,RCP500988GRA,Default Category,Waste,Trash Bags,Can Liners,,,
1708,RCP501088GRA,Default Category,Waste,Trash Bags,Can Liners,,,
1709,RCP501188GRA,Default Category,Waste,Trash Bags,Can Liners,,,
1710,RCP501388GRA,Default Category,Waste,Trash Bags,Can Liners,,,
1711,RCP501388CLE,Default Category,Waste,Trash Bags,Can Liners,,,
1712,RCP502888GRA,Default Category,Waste,Trash Bags,Can Liners,,,
1713,RCP505012,Default Category,Agriculture,Waste,Stock Tanks,Outdoor Waste Receptacles,Livestock Tanks,
1714,RCP5114CRE,Default Category,Cleaning,Odor Control,,,,
1715,RCP5137,Default Category,Cleaning,Odor Control,,,,
1716,RCP5138,Default Category,Cleaning,Odor Control,,,,
1717,RCP5139,Default Category,Cleaning,Odor Control,,,,
1718,RCP5158,Default Category,Cleaning,Odor Control,,,,
1719,RCP5159,Default Category,Cleaning,Odor Control,,,,
1720,RCP5160,Default Category,Cleaning,Odor Control,,,,
1721,RCP5169,Default Category,Cleaning,Odor Control,,,,
1722,RCP5640BLA,Default Category,Agriculture,Material Handling,Big Wheel & Tractor Carts,Tractor & Big Wheel Carts,,
1723,RCP5642BLA,Default Category,Agriculture,Material Handling,Big Wheel & Tractor Carts,Tractor & Big Wheel Carts,Utility Carts,
1724,RCP564210BLA,Default Category,Agriculture,Material Handling,Big Wheel & Tractor Carts,Tractor & Big Wheel Carts,,
1725,RCP565461BLA,Default Category,Agriculture,Material Handling,Big Wheel & Tractor Carts,Tractor & Big Wheel Carts,,
1726,RCP565861BLA,Default Category,Agriculture,Material Handling,Big Wheel & Tractor Carts,Tractor & Big Wheel Carts,,
1727,RCP5660BLA,Default Category,Agriculture,Material Handling,Big Wheel & Tractor Carts,Tractor & Big Wheel Carts,,
1728,RCP566261BLA,Default Category,Agriculture,Material Handling,Big Wheel & Tractor Carts,Tractor & Big Wheel Carts,,
1729,RCP566361BLA,Default Category,Agriculture,Material Handling,Big Wheel & Tractor Carts,Tractor & Big Wheel Carts,,
1730,RCP571473BLU,Default Category,Waste,Recycling Containers,,,,
1731,RCP571473GRE,Default Category,Waste,Recycling Containers,,,,
1732,RCP5720WHI,Default Category,Food Service,Kitchen Supplies,Food Storage Containers & Lids,,,
1733,RCP572024CLE,Default Category,Food Service,Kitchen Supplies,Food Storage Containers & Lids,,,
1734,RCP5721WHI,Default Category,Food Service,Kitchen Supplies,Food Storage Containers & Lids,,,
1735,RCP572124CLE,Default Category,Food Service,Kitchen Supplies,Food Storage Containers & Lids,,,
1736,RCP5722YEL,Default Category,Food Service,Kitchen Supplies,Food Storage Containers & Lids,,,
1737,RCP5723WHI,Default Category,Food Service,Kitchen Supplies,Food Storage Containers & Lids,,,
1738,RCP572324CLE,Default Category,Food Service,Kitchen Supplies,Food Storage Containers & Lids,,,
1739,RCP5724WHI,Default Category,Food Service,Kitchen Supplies,Food Storage Containers & Lids,,,
1740,RCP572424CLE,Default Category,Food Service,Kitchen Supplies,Food Storage Containers & Lids,,,
1741,RCP5725YEL,Default Category,Food Service,Kitchen Supplies,Food Storage Containers & Lids,,,
1742,RCP572624CLE,Default Category,Food Service,Kitchen Supplies,Food Storage Containers & Lids,,,
1743,RCP5728WHI,Default Category,Food Service,Kitchen Supplies,Food Storage Containers & Lids,,,
1744,RCP572824CLE,Default Category,Food Service,Kitchen Supplies,Food Storage Containers & Lids,,,
1745,RCP572924CLE,Default Category,Food Service,Kitchen Supplies,Food Storage Containers & Lids,,,
1746,RCP5730YEL,Default Category,Food Service,Kitchen Supplies,Food Storage Containers & Lids,,,
1747,RCP6112YEL,Default Category,Safety,Safety Signs,Pads,,,
1748,RCP611277YEL,Default Category,Safety,Safety Signs,Pads,,,
1749,RCP611477YEL,Default Category,Safety,Safety Signs,Pads,,,
1750,RCP612788YEL,Default Category,,,,,,
1751,RCP6140WHI,Default Category,Cleaning,Personal Hygiene Products,,,,
1752,RCP6141,Default Category,Cleaning,Personal Hygiene Products,,,,
1753,RCP6142WHI,Default Category,Waste,Indoor Waste Receptacles,Step-on Containers,,,
1754,RCP6143BEI,Default Category,Waste,Indoor Waste Receptacles,Step-on Containers,,,
1755,RCP6143RED,Default Category,Waste,Indoor Waste Receptacles,Step-on Containers,,,
1756,RCP6143WHI,Default Category,Waste,Indoor Waste Receptacles,Step-on Containers,,,
1757,RCP6144BEI,Default Category,Waste,Indoor Waste Receptacles,Step-on Containers,,,
1758,RCP6144RED,Default Category,Waste,Indoor Waste Receptacles,Step-on Containers,,,
1759,RCP6144WHI,Default Category,Waste,Indoor Waste Receptacles,Step-on Containers,,,
1760,RCP6145BEI,Default Category,Waste,Indoor Waste Receptacles,Step-on Containers,,,
1761,RCP6145RED,Default Category,Waste,Indoor Waste Receptacles,Step-on Containers,,,
1762,RCP6145WHI,Default Category,Waste,Indoor Waste Receptacles,Step-on Containers,,,
1763,RCP6146BEI,Default Category,Waste,Indoor Waste Receptacles,Step-on Containers,,,
1764,RCP6146RED,Default Category,Waste,Indoor Waste Receptacles,Step-on Containers,,,
1765,RCP6146WHI,Default Category,Waste,Indoor Waste Receptacles,Step-on Containers,,,
1766,RCP614687BLA,Default Category,Waste,Indoor Waste Receptacles,Medical Waste ,,,
1767,RCP614687RED,Default Category,Waste,Indoor Waste Receptacles,Medical Waste ,,,
1768,RCP6147LPL,Default Category,Waste,Indoor Waste Receptacles,Medical Waste ,,,
1769,RCP6147RED,Default Category,Waste,Indoor Waste Receptacles,Medical Waste ,,,
1770,RCP614787BLA,Default Category,Waste,Indoor Waste Receptacles,Medical Waste ,,,
1771,RCP6171,Default Category,Material Handling,Housekeeping Carts,,,,
1772,RCP617388BLA,Default Category,Material Handling,Janitor Carts,,,,
1773,RCP617388BLU,Default Category,Material Handling,Janitor Carts,,,,
1774,RCP6173L1,Default Category,Material Handling,Cart Accessories,,,,
1775,RCP6173L9GRA,Default Category,Material Handling,Cart Accessories,,,,
1776,RCP6174BLA,Default Category,Material Handling,Housekeeping Carts,,,,
1777,RCP6176BLA,Default Category,Material Handling,Housekeeping Carts,,,,
1778,RCP6177BEI,Default Category,Waste,Indoor Waste Receptacles,Step-on Containers,,,
1779,RCP6179BLA,Default Category,Material Handling,Housekeeping Carts,,,,
1780,RCP6180BLA,Default Category,Material Handling,TradeMaster Carts,Utility Carts,,,
1781,RCP618088BLA,Default Category,Material Handling,TradeMaster Carts,Utility Carts,,,
1782,RCP6181YEL,Default Category,Material Handling,Janitor Carts,,,,
1783,RCP6183YEL,Default Category,Material Handling,Janitor Carts,,,,
1784,RCP6184YEL,Default Category,Safety,Safety Signs,Pads,,,
1785,RCP6187BLA,Default Category,Material Handling,Housekeeping Carts,,,,
1786,RCP6189PLA,Default Category,Material Handling,Housekeeping Carts,,,,
1787,RCP6190BLA,Default Category,Material Handling,Housekeeping Carts,,,,
1788,RCP6191BLA,Default Category,Material Handling,Housekeeping Carts,,,,
1789,RCP6192BLA,Default Category,Material Handling,Housekeeping Carts,,,,
1790,RCP1966885,Default Category,Material Handling,Housekeeping Carts,,,,
1791,RCP6194STL,Default Category,,,,,,
1792,RCP6196BLA,Default Category,Material Handling,Housekeeping Carts,,,,
1793,RCP6197BLA,Default Category,Material Handling,Housekeeping Carts,,,,
1794,RCP6199BRO,Default Category,Material Handling,Utility Carts,,,,
1795,RCP6243GRA,Default Category,Waste,Rigid Liners,,,,
1796,RCP6245GRA,Default Category,Waste,Rigid Liners,,,,
1797,RCP6276YEL,Default Category,Safety,Safety Signs,Pads,,,
1798,RCP627677YEL,Default Category,Safety,Safety Signs,Pads,,,
1799,RCP627777YEL,Default Category,Safety,Safety Signs,Pads,,,
1800,RCP6300BLA,Default Category,Cleaning,Laundry Products,,,,
1801,RCP6301YEL,Default Category,Cleaning,Restroom Cleaners & Accessories,,,,
1802,RCP6302CLE,Default Category,Food Service,Kitchen Supplies,Food Storage Containers & Lids,,,
1803,RCP6306CLE,Default Category,Food Service,Kitchen Supplies,Food Storage Containers & Lids,,,
1804,RCP6308CLE,Default Category,,,,,,
1805,RCP6310WHI,Default Category,,,,,,
1806,RCP6311WHI,Default Category,Cleaning,Restroom Cleaners & Accessories,,,,
1807,RCP6312CLE,Default Category,Food Service,Kitchen Supplies,Food Storage Containers & Lids,,,
1808,RCP6320,Default Category,Cleaning,Restroom Cleaners & Accessories,,,,
1809,RCP6322CLE,Default Category,Food Service,Kitchen Supplies,Food Storage Containers & Lids,,,
1810,RCP6337BLU,Default Category,Cleaning,Brooms, Brushes & Dusters,Brushes,,
1811,RCP6341BLA,Default Category,Cleaning,Brooms, Brushes & Dusters,Brushes,,
1812,RCP6342SIL,Default Category,Cleaning,Brooms, Brushes & Dusters,Brushes,,
1813,RCP6350BLA,Default Category,Cleaning,Laundry Products,,,,
1814,RCP6351,Default Category,Cleaning,Brooms, Brushes & Dusters,Handles,,
1815,RCP6355GRA,Default Category,Cleaning,Brooms, Brushes & Dusters,Handles,,
1816,RCP6357,Default Category,Cleaning,Brooms, Brushes & Dusters,Handles,,
1817,RCP6361,Default Category,Cleaning,Brooms, Brushes & Dusters,Handles,,
1818,RCP6362,Default Category,Cleaning,Brooms, Brushes & Dusters,Handles,,
1819,RCP6364,Default Category,Cleaning,Brooms, Brushes & Dusters,Handles,,
1820,RCP6373BRO,Default Category,Cleaning,Brooms, Brushes & Dusters,Brooms,,
1821,RCP6374,Default Category,Cleaning,Brooms, Brushes & Dusters,Brooms,,
1822,RCP6375GRA,Default Category,Cleaning,Brooms, Brushes & Dusters,Brooms,,
1823,RCP6381,Default Category,Cleaning,Brooms, Brushes & Dusters,Brooms,,
1824,RCP6383,Default Category,Cleaning,Brooms, Brushes & Dusters,Brooms,,
1825,RCP6385GRA,Default Category,Cleaning,Brooms, Brushes & Dusters,Brooms,,
1826,RCP638906BLA,Default Category,Cleaning,Brooms, Brushes & Dusters,Brooms,,
1827,RCP6397,Default Category,Cleaning,Brooms, Brushes & Dusters,Brooms,,
1828,RCP6435BRO,Default Category,Cleaning,Mops & Equipment,Mops,,,
1829,RCP6436YEL,Default Category,Cleaning,Mops & Equipment,Mop Heads,,,
1830,RCP6482COB,Default Category,Cleaning,Brooms, Brushes & Dusters,Brushes,,
1831,RCP6509WHI,Default Category,Food Service,Kitchen Supplies,Food Storage Containers & Lids,,,
1832,RCP6523WHI,Default Category,Food Service,Kitchen Supplies,Food Storage Containers & Lids,,,
1833,RCP6C01,Default Category,Cleaning,Brooms, Brushes & Dusters,Dust Pans,,
1834,RCP7035WHI,Default Category,Safety,Matting,,,,
1835,RCP704104WHI,Default Category,Safety,Matting,,,,
1836,RCP7380YEL,Default Category,Cleaning,Mops & Equipment,Buckets & Wringers,,,
1837,RCP750243,Default Category,Cleaning,Personal Hygiene Products,,,,
1838,RCP750443,Default Category,Cleaning,Personal Hygiene Products,,,,
1839,RCP757088YEL,Default Category,Cleaning,Mops & Equipment,Buckets & Wringers,,,
1840,RCP757088BRO,Default Category,Cleaning,Mops & Equipment,Buckets & Wringers,,,
1841,RCP7570L2,Default Category,Cleaning,Mops & Equipment,Buckets & Wringers,,,
1842,RCP757588BRO,Default Category,Cleaning,Mops & Equipment,Buckets & Wringers,,,
1843,RCP757588YEL,Default Category,,,,,,
1844,RCP757688YEL,Default Category,Cleaning,Mops & Equipment,Buckets & Wringers,,,
1845,RCP757788BRO,Default Category,Cleaning,Mops & Equipment,Buckets & Wringers,,,
1846,RCP757788YEL,Default Category,Cleaning,Mops & Equipment,Buckets & Wringers,,,
1847,RCP758088BRO,Default Category,Cleaning,Mops & Equipment,Buckets & Wringers,,,
1848,RCP758088YEL,Default Category,Cleaning,Mops & Equipment,Buckets & Wringers,,,
1849,RCP758888BLU,Default Category,Cleaning,Mops & Equipment,Buckets & Wringers,,,
1850,RCP758888YEL,Default Category,Cleaning,Mops & Equipment,Buckets & Wringers,,,
1851,RCP758888GRE,Default Category,Cleaning,Mops & Equipment,Buckets & Wringers,,,
1852,RCP758888RED,Default Category,Cleaning,Mops & Equipment,Buckets & Wringers,,,
1853,RCP759088YEL,Default Category,Cleaning,Mops & Equipment,Buckets & Wringers,,,
1854,RCP7677YEL,Default Category,Cleaning,Mops & Equipment,Buckets & Wringers,,,
1855,RCP7680YEL,Default Category,Cleaning,Mops & Equipment,Buckets & Wringers,,,
1856,RCP7734BLA,Default Category,Material Handling,Utility Carts,,,,
1857,RCP7777YEL,Default Category,Cleaning,Mops & Equipment,Buckets & Wringers,,,
1858,RCP7780YEL,Default Category,Cleaning,Mops & Equipment,Buckets & Wringers,,,
1859,RCP7802BLA,Default Category,Cleaning,Storage Containers,,,,
1860,RCP7804BLA,Default Category,Cleaning,Storage Containers,,,,
1861,RCP780508BLA,Default Category,Food Service,High Chairs,,,,
1862,RCP780508DGR,Default Category,Food Service,High Chairs,,,,
1863,RCP780508PLA,Default Category,Food Service,High Chairs,,,,
1864,RCP780608BLA,Default Category,Food Service,High Chairs,,,,
1865,RCP780608DGR,Default Category,Food Service,High Chairs,,,,
1866,RCP780608PLA,Default Category,Food Service,High Chairs,,,,
1867,RCP781408BLA,Default Category,Food Service,High Chairs,,,,
1868,RCP781408DGR,Default Category,Food Service,High Chairs,,,,
1869,RCP781408PLA,Default Category,Food Service,High Chairs,,,,
1870,RCP781588BLA,Default Category,Food Service,High Chairs,,,,
1871,RCP781588DGR,Default Category,Food Service,High Chairs,,,,
1872,RCP781588PLA,Default Category,Food Service,High Chairs,,,,
1873,RCP781788WHI,Default Category,Safety,Baby Changing Stations,,,,
1874,RCP781888PLA,Default Category,Safety,Baby Changing Stations,,,,
1875,RCP781988PLA,Default Category,Safety,Baby Changing Stations,,,,
1876,RCP7822BEI,Default Category,Waste,Indoor Waste Receptacles,Waste Receptacles,,,
1877,RCP7822BRO,Default Category,Waste,Indoor Waste Receptacles,Waste Receptacles,,,
1878,RCP792020BEI,Default Category,Waste,Indoor Waste Receptacles,Waste Receptacles,,,
1879,RCP816088BRO,Default Category,Waste,Indoor Waste Receptacles,Waste Receptacles,,,
1880,RCP816088BEI,Default Category,Waste,Indoor Waste Receptacles,Waste Receptacles,,,
1881,RCP817088BRO,Default Category,Waste,Indoor Waste Receptacles,Waste Receptacles,,,
1882,RCP817088OWH,Default Category,Waste,Indoor Waste Receptacles,Waste Receptacles,,,
1883,RCP817088BEI,Default Category,Waste,Indoor Waste Receptacles,Waste Receptacles,,,
1884,RCP817088BLA,Default Category,Waste,Indoor Waste Receptacles,Waste Receptacles,,,
1885,RCP818088BEI,Default Category,Waste,Smoking Receptacles,,,,
1886,RCP818288BEI,Default Category,Waste,Smoking Receptacles,,,,
1887,RCP8248ELD,Default Category,,,,,,
1888,RCP843088BEI,Default Category,Waste,Outdoor Waste Receptacles,Ranger Containers,,,
1889,RCP843088BLA,Default Category,Waste,Outdoor Waste Receptacles,Ranger Containers,,,
1890,RCP843088BRO,Default Category,Waste,Outdoor Waste Receptacles,Ranger Containers,,,
1891,RCP91060,Default Category,,,,,,
1892,RCP917188BEI,Default Category,Waste,Outdoor Waste Receptacles,Ranger Containers,,,
1893,RCP917188BLA,Default Category,Waste,Outdoor Waste Receptacles,Ranger Containers,,,
1894,RCP917388BEI,Default Category,Waste,Outdoor Waste Receptacles,Ranger Containers,,,
1895,RCP917388BLA,Default Category,Waste,Outdoor Waste Receptacles,Ranger Containers,,,
1896,RCP9175BEI,Default Category,Waste,Outdoor Waste Receptacles,Ranger Containers,,,
1897,RCP9175BLA,Default Category,Waste,Outdoor Waste Receptacles,Ranger Containers,,,
1898,RCP9177BEI,Default Category,Waste,Waste Receptacle Accessories,,,,
1899,RCP9B02,Default Category,Cleaning,Brooms, Brushes & Dusters,Brooms,,
1900,RCP9B06BLA,Default Category,Cleaning,Brooms, Brushes & Dusters,Brooms,,
1901,RCP9B07BLA,Default Category,Cleaning,Brooms, Brushes & Dusters,Brooms,,
1902,RCP9B09BLA,Default Category,Cleaning,Brooms, Brushes & Dusters,Brooms,,
1903,RCP9B29YEL,Default Category,Cleaning,Brooms, Brushes & Dusters,Brushes,,
1904,RCP9B32YEL,Default Category,Cleaning,Brooms, Brushes & Dusters,Brushes,,
1905,RCP9B36YEL,Default Category,Cleaning,Brooms, Brushes & Dusters,Brushes,,
1906,RCP9B44GRA,Default Category,Cleaning,Brooms, Brushes & Dusters,Brushes,,
1907,RCP9B56BLA,Default Category,Cleaning,Brooms, Brushes & Dusters,Brushes,,
1908,RCP9B72GRE,Default Category,Cleaning,Brooms, Brushes & Dusters,Brooms,,
1909,RCP9C04,Default Category,Cleaning,Brooms, Brushes & Dusters,Dusters,,
1910,RCP9C74RED,Default Category,Cleaning,Mops & Equipment,Buckets & Wringers,,,
1911,RCP9C74YEL,Default Category,Cleaning,Mops & Equipment,Buckets & Wringers,,,
1912,RCP9C8301,Default Category,Cleaning,Odor Control,,,,
1913,RCP9C8401,Default Category,Cleaning,Odor Control,,,,
1914,RCP9C8501,Default Category,Cleaning,Odor Control,,,,
1915,RCP9C8701,Default Category,Cleaning,Odor Control,,,,
1916,RCP9C90WHI,Default Category,Cleaning,Odor Control,,,,
1917,RCP9C9401,Default Category,Cleaning,Odor Control,,,,
1918,RCP9C9501,Default Category,Cleaning,Odor Control,,,,
1919,RCP9C9701,Default Category,Cleaning,Odor Control,,,,
1920,RCP9F37RED,Default Category,Food Service,Pizza Supplies,,,,
1921,RCP9F43,Default Category,Food Service,Kitchen Supplies,Scoops,,,
1922,RCP9F50,Default Category,Food Service,Kitchen Supplies,Scoops,,,
1923,RCP9F51TBLU,Default Category,Food Service,Kitchen Supplies,Scoops,,,
1924,RCP9F53,Default Category,Food Service,Kitchen Supplies,Ice Containers,,,
1925,RCP9F54TBL,Default Category,Food Service,Kitchen Supplies,Ice Containers,,,
1926,RCP9F55BLA,Default Category,Material Handling,Triple Trolley Carts,,,,
1927,RCP9F75CLE,Default Category,Food Service,Kitchen Supplies,Scoops,,,
1928,RCP9F76CLE,Default Category,Food Service,Kitchen Supplies,Scoops,,,
1929,RCP9F77,Default Category,Food Service,Ingredient Bins,Kitchen Supplies,,,
1930,RCP9F78,Default Category,Food Service,Ingredient Bins,Kitchen Supplies,,,
1931,RCP9F79,Default Category,Food Service,Kitchen Supplies,Food Storage Containers & Lids,,,
1932,RCP9F86WHI,Default Category,Food Service,Kitchen Supplies,Ice Containers,,,
1933,RCP9G57WHI,Default Category,Food Service,Ingredient Bins,Kitchen Supplies,,,
1934,RCP9G58WHI,Default Category,Food Service,Ingredient Bins,Kitchen Supplies,,,
1935,RCP9G59,Default Category,Material Handling,Utility Carts,,,,
1936,RCP9G60WHI,Default Category,Food Service,Ingredient Bins,Kitchen Supplies,,,
1937,RCP9G76WHI,Default Category,Food Service,Ingredient Bins,Kitchen Supplies,Indoor Waste Receptacles,Brute Containers,
1938,RCP9G77WHI,Default Category,Food Service,Ingredient Bins,Kitchen Supplies,Indoor Waste Receptacles,Brute Containers,
1939,RCP9G78WHI,Default Category,Food Service,Ingredient Bins,Kitchen Supplies,Indoor Waste Receptacles,Brute Containers,
1940,RCP9G79CHR,Default Category,Food Service,Ingredient Bins,Kitchen Supplies,Racks & Carts,,
1941,RCP9G80CHR,Default Category,Food Service,Ingredient Bins,Kitchen Supplies,Racks & Carts,,
1942,RCP9M00BLA,Default Category,Cleaning,Brooms, Brushes & Dusters,Dust Pans,,
1943,RCP9M01BLA,Default Category,Cleaning,Restroom Cleaners & Accessories,,,,
1944,RCP9P90BEI,Default Category,Waste,Outdoor Waste Receptacles,Plaza Containers,,,
1945,RCP9P90BLA,Default Category,Waste,Outdoor Waste Receptacles,Plaza Containers,,,
1946,RCP9P90DGR,Default Category,Waste,Outdoor Waste Receptacles,Plaza Containers,,,
1947,RCP9P91BEI,Default Category,Waste,Outdoor Waste Receptacles,Plaza Containers,,,
1948,RCP9P91BLA,Default Category,Waste,Outdoor Waste Receptacles,Plaza Containers,,,
1949,RCP9P91DGR,Default Category,Waste,Outdoor Waste Receptacles,Plaza Containers,,,
1950,RCP9S00YEL,Default Category,Safety,Safety Signs,Pads,,,
1951,RCP9S01YEL,Default Category,Safety,Safety Signs,Pads,,,
1952,RCP9S09YEL,Default Category,Safety,Safety Signs,Pads,,,
1953,RCP9S11YEL,Default Category,Safety,Safety Signs,Pads,,,
1954,RCP9S15YEL,Default Category,Safety,Safety Signs,Pads,,,
1955,RCP9S16YEL,Default Category,,,,,,
1956,RCP9S30GRA,Default Category,Cleaning,Storage Containers,,,,
1957,RCP9S30WHI,Default Category,Cleaning,Storage Containers,,,,
1958,RCP9S31GRA,Default Category,Cleaning,Storage Containers,,,,
1959,RCP9S31WHI,Default Category,Cleaning,Storage Containers,,,,
1960,RCP9T00BLA,Default Category,Material Handling,Housekeeping Carts,,,,
1961,RCP9T01BLA,Default Category,Material Handling,Housekeeping Carts,,,,
1962,RCP1966887,Default Category,Material Handling,Housekeeping Carts,,,,
1963,RCP9T13BLA,Default Category,Material Handling,Tilt Trucks,,,,
1964,RCP9T14BLA,Default Category,Material Handling,Tilt Trucks,,,,
1965,RCP9T15BLA,Default Category,Material Handling,Tilt Trucks,,,,
1966,RCP9T16BLA,Default Category,Material Handling,Tilt Trucks,,,,
1967,RCP9T17BLA,Default Category,Material Handling,Tilt Trucks,,,,
1968,RCP9T18BLA,Default Category,Material Handling,Tilt Trucks,,,,
1969,RCP9T19BLA,Default Category,Material Handling,Housekeeping Carts,,,,
1970,RCP9T22BLA,Default Category,Material Handling,Tilt Trucks,,,,
1971,RCP9T23BLA,Default Category,Material Handling,Tilt Trucks,,,,
1972,RCP9T28BLA,Default Category,Material Handling,Audio-Visual Carts,,,,
1973,RCP9T29BLA,Default Category,Material Handling,Audio-Visual Carts,,,,
1974,RCP9T30BLA,Default Category,Material Handling,Audio-Visual Carts,,,,
1975,RCP9T32BLA,Default Category,Material Handling,Audio-Visual Carts,,,,
1976,RCP9T33BLA,Default Category,Material Handling,Audio-Visual Carts,,,,
1977,RCP9T34BLA,Default Category,Material Handling,Audio-Visual Carts,,,,
1978,RCP9T35BLA,Default Category,Material Handling,Audio-Visual Carts,,,,
1979,RCP9T45BLA,Default Category,Material Handling,Platform Trucks,,,,
1980,RCP9T56BLA,Default Category,Material Handling,Platform Trucks,,,,
1981,RCP9T57BLA,Default Category,Material Handling,Service Carts ,Utility Carts,,,
1982,RCP9T58BLA,Default Category,Material Handling,Service Carts ,Utility Carts,,,
1983,RCP9T59BLA,Default Category,Material Handling,Housekeeping Carts,,,,
1984,RCP9T60BLA,Default Category,Material Handling,Housekeeping Carts,,,,
1985,RCP9T61BLA,Default Category,Material Handling,Housekeeping Carts,,,,
1986,RCP9T62BLA,Default Category,Material Handling,Housekeeping Carts,,,,
1987,RCP9T63BLA,Default Category,Material Handling,Housekeeping Carts,,,,
1988,RCP9T64BLA,Default Category,Material Handling,Housekeeping Carts,,,,
1989,RCP9T6571BEI,Default Category,Material Handling,Service Carts ,Utility Carts,,,
1990,RCP9T66BLA,Default Category,Material Handling,Utility Carts,,,,
1991,RCP9T66L1BLA,Default Category,Material Handling,Utility Carts,,,,
1992,RCP9T67BLA,Default Category,Material Handling,Utility Carts,,,,
1993,RCP9T68BLA,Default Category,Material Handling,Service Carts ,Utility Carts,,,
1994,RCP9T68PLA,Default Category,Material Handling,Service Carts ,Utility Carts,,,
1995,RCP9T72,Default Category,Material Handling,Janitor Carts,,,,
1996,RCP9T73,Default Category,Material Handling,Janitor Carts,,,,
1997,RCP9T7301,Default Category,Material Handling,Cart Accessories,,,,
1998,RCP9T73M5BLA,Default Category,Material Handling,Cart Accessories,,,,
1999,RCP9T74BLA,Default Category,Material Handling,Janitor Carts,,,,
2000,RCP9T75,Default Category,Material Handling,Janitor Carts,,,,
2001,RCP9T76,Default Category,Material Handling,Housekeeping Carts,,,,
2002,RCP9T77BLA,Default Category,Material Handling,Housekeeping Carts,,,,
2003,RCP9T78,Default Category,Material Handling,Housekeeping Carts,,,,
2004,RCP9T79BLA,Default Category,Material Handling,Janitor Carts,,,,
2005,RCP1966881,Default Category,Material Handling,Janitor Carts,,,,
2006,RCP9T81BLA,Default Category,Material Handling,Housekeeping Carts,,,,
2007,RCP9T82YEL,Default Category,Material Handling,Cart Accessories,,,,
2008,RCP9T8301,Default Category,Cleaning,Mops & Equipment,Buckets & Wringers,Janitor Carts,,
2009,RCP9T84YEL,Default Category,Material Handling,Cart Accessories,,,,
2010,RCP9T85BLA,Default Category,Material Handling,Housekeeping Carts,,,,
2011,RCP9T86BLA,Default Category,Material Handling,Housekeeping Carts,,,,
2012,RCP9T8901,Default Category,Material Handling,Housekeeping Carts,,,,
2013,RCP9T90,Default Category,Material Handling,Cart Accessories,,,,
2014,RCP9T9101BLA,Default Category,Material Handling,Housekeeping Carts,,,,
2015,RCP9T92BLA,Default Category,Material Handling,Janitor Carts,,,,
2016,RCP9T9301,Default Category,Material Handling,Cart Accessories,Janitor Carts,,,
2017,RCP9T94BLA,Default Category,Material Handling,Housekeeping Carts,,,,
2018,RCP9VBPEF06,Default Category,Cleaning,Floor & Carpet Care,Vacuum  Accessories,,,
2019,RCP9VBPHP06,Default Category,Cleaning,Floor & Carpet Care,Vacuum  Accessories,,,
2020,RCP9VBPPB06,Default Category,Cleaning,Floor & Carpet Care,Vacuum  Accessories,,,
2021,RCP9VCVBA12,Default Category,Cleaning,Floor & Carpet Care,Vacuum  Accessories,,,
2022,RCP9VCVBE12,Default Category,Cleaning,Floor & Carpet Care,Vacuum  Accessories,,,
2023,RCP9VCVPB12,Default Category,Cleaning,Floor & Carpet Care,Vacuum  Accessories,,,
2024,RCP9VDVPN4400,Default Category,Cleaning,Floor & Carpet Care,Vacuums,,,
2025,RCP9VDVRC4400,Default Category,Waste,Waste Receptacle Accessories,,,,
2026,RCP9VMHBA12,Default Category,Cleaning,Floor & Carpet Care,Vacuum  Accessories,,,
2027,RCP9VMHEF12,Default Category,Cleaning,Floor & Carpet Care,Vacuum  Accessories,,,
2028,RCP9VPHEF12,Default Category,Cleaning,Floor & Carpet Care,Vacuum  Accessories,,,
2029,RCP9VULPB12,Default Category,Cleaning,Floor & Carpet Care,Vacuum  Accessories,,,
2030,RCP9W1088GRA,Default Category,Waste,Outdoor Waste Receptacles,Brute Containers,,,
2031,RCP9W15GRA,Default Category,Waste,Indoor Waste Receptacles,Slim Jim Containers,,,
2032,RCP9W16GRA,Default Category,Waste,Indoor Waste Receptacles,Confidential Document Containers,Slim Jim Containers,Waste Receptacles Lids,
2033,RCP9W17PLA,Default Category,Waste,Indoor Waste Receptacles,Confidential Document Containers,,,
2034,RCP9W2173BLU,Default Category,Waste,Indoor Waste Receptacles,Brute Containers,Outdoor Waste Receptacles,Brute Containers,
2035,RCP9W21GRA,Default Category,Waste,Indoor Waste Receptacles,Brute Containers,Outdoor Waste Receptacles,Brute Containers,
2036,RCP9W22GRA,Default Category,Waste,Outdoor Waste Receptacles,Brute Containers,,,
2037,RCP9W2273BLU,Default Category,Waste,Recycling Containers,,,,
2038,RCP9W25GRA,Default Category,Waste,Indoor Waste Receptacles,Slim Jim Containers,,,
2039,RCP9W27BLU,Default Category,Waste,Indoor Waste Receptacles,Brute Containers,Outdoor Waste Receptacles,Brute Containers,
2040,RCP9W27GRA,Default Category,Waste,Indoor Waste Receptacles,Brute Containers,Outdoor Waste Receptacles,Brute Containers,
2041,RCP9W27YEL,Default Category,Waste,Indoor Waste Receptacles,Brute Containers,Outdoor Waste Receptacles,Brute Containers,
2042,RCP9W2773BLU,Default Category,Waste,Outdoor Waste Receptacles,Brute Containers,Recycling Containers,,
2043,RCP9W30BLA,Default Category,Waste,Smoking Receptacles,,,,
2044,RCP9W30SST,Default Category,Waste,Smoking Receptacles,,,,
2045,RCP9W31BLA,Default Category,Waste,Smoking Receptacles,,,,
2046,RCP9W32BLA,Default Category,Waste,Smoking Receptacles,,,,
2047,RCP9W33BLA,Default Category,Waste,Smoking Receptacles,,,,
2048,RCP9W72,Default Category,Waste,Indoor Waste Receptacles,Brute Containers,Outdoor Waste Receptacles,Brute Containers,Waste Receptacles Lids
2049,RCP9W73BLA,Default Category,Waste,Indoor Waste Receptacles,Brute Containers,Outdoor Waste Receptacles,Brute Containers,
2050,RCP9W87YEL,Default Category,Waste,Waste Receptacle Accessories,,,,
2051,RCPA111WHI,Default Category,Cleaning,Mops & Equipment,Mop Heads,,,
2052,RCPA112BLU,Default Category,Cleaning,Mops & Equipment,Mop Heads,,,
2053,RCPA112ORA,Default Category,Cleaning,Mops & Equipment,Mop Heads,,,
2054,RCPA112GRE,Default Category,Cleaning,Mops & Equipment,Mop Heads,,,
2055,RCPA112WHI,Default Category,Cleaning,Mops & Equipment,Mop Heads,,,
2056,RCPA113BLU,Default Category,Cleaning,Mops & Equipment,Mop Heads,,,
2057,RCPA113WHI,Default Category,Cleaning,Mops & Equipment,Mop Heads,,,
2058,RCPA151WHI,Default Category,Cleaning,Mops & Equipment,Mop Heads,,,
2059,RCPA152BLU,Default Category,Cleaning,Mops & Equipment,Mop Heads,,,
2060,RCPA152GRE,Default Category,Cleaning,Mops & Equipment,Mop Heads,,,
2061,RCPA152WHI,Default Category,Cleaning,Mops & Equipment,Mop Heads,,,
2062,RCPA153ORA,Default Category,Cleaning,Mops & Equipment,Mop Heads,,,
2063,RCPA153WHI,Default Category,Cleaning,Mops & Equipment,Mop Heads,,,
2064,RCPA153BLU,Default Category,Cleaning,Mops & Equipment,Mop Heads,,,
2065,RCPA17SUBKPL,Default Category,Waste,Smoking Receptacles,,,,
2066,RCPA211WHI,Default Category,Cleaning,Mops & Equipment,Mop Heads,,,
2067,RCPA212WHI,Default Category,Cleaning,Mops & Equipment,Mop Heads,,,
2068,RCPA212GRE,Default Category,Cleaning,Mops & Equipment,Mop Heads,,,
2069,RCPA212BLU,Default Category,Cleaning,Mops & Equipment,Mop Heads,,,
2070,RCPA213WHI,Default Category,Cleaning,Mops & Equipment,Mop Heads,,,
2071,RCPA251BLU,Default Category,Cleaning,Mops & Equipment,Mop Heads,,,
2072,RCPA251GRE,Default Category,Cleaning,Mops & Equipment,Mop Heads,,,
2073,RCPA251WHI,Default Category,Cleaning,Mops & Equipment,Mop Heads,,,
2074,RCPA252WHI,Default Category,Cleaning,Mops & Equipment,Mop Heads,,,
2075,RCPA252BLU,Default Category,Cleaning,Mops & Equipment,Mop Heads,,,
2076,RCPA252GRE,Default Category,Cleaning,Mops & Equipment,Mop Heads,,,
2077,RCPA252ORA,Default Category,Cleaning,Mops & Equipment,Mop Heads,,,
2078,RCPA253GRE,Default Category,Cleaning,Mops & Equipment,Mop Heads,,,
2079,RCPA253WHI,Default Category,Cleaning,Mops & Equipment,Mop Heads,,,
2080,RCPA253BLU,Default Category,Cleaning,Mops & Equipment,Mop Heads,,,
2081,RCPA412,Default Category,Cleaning,Mops & Equipment,Finish Mops & Applicators,,,
2082,RCPA413,Default Category,Cleaning,Mops & Equipment,Finish Mops & Applicators,,,
2083,RCPA81206GRE,Default Category,Cleaning,Mops & Equipment,Mop Heads,,,
2084,RCPA85206GRE,Default Category,Cleaning,Mops & Equipment,Mop Heads,,,
2085,RCPAOT35SA,Default Category,Waste,Indoor Waste Receptacles,Metal Receptacles,,,
2086,RCPAOT35SAPL,Default Category,Waste,Indoor Waste Receptacles,Metal Receptacles,,,
2087,RCPR12SU201PL,Default Category,Waste,Smoking Receptacles,,,,
2088,RCPB25,Default Category,Waste,Smoking Receptacles,,,,
2089,RCPBP1,Default Category,Waste,Waste Receptacle Accessories,,,,
2090,RCPC112WHI,Default Category,Cleaning,Mops & Equipment,Mop Heads,,,
2091,RCPC112BLU,Default Category,Cleaning,Mops & Equipment,Mop Heads,,,
2092,RCPC113BLU,Default Category,Cleaning,Mops & Equipment,Mop Heads,,,
2093,RCPC113WHI,Default Category,Cleaning,Mops & Equipment,Mop Heads,,,
2094,RCPC151BLU,Default Category,Cleaning,Mops & Equipment,Mop Heads,,,
2095,RCPC152BLU,Default Category,Cleaning,Mops & Equipment,Mop Heads,,,
2096,RCPC152GRE,Default Category,Cleaning,Mops & Equipment,Mop Heads,,,
2097,RCPC152WHI,Default Category,Cleaning,Mops & Equipment,Mop Heads,,,
2098,RCPC153BLU,Default Category,Cleaning,Mops & Equipment,Mop Heads,,,
2099,RCPC153WHI,Default Category,Cleaning,Mops & Equipment,Mop Heads,,,
2100,RCPC153GRE,Default Category,Cleaning,Mops & Equipment,Mop Heads,,,
2101,RCPC154BLU,Default Category,Cleaning,Mops & Equipment,Mop Heads,,,
2102,RCPC252BLU,Default Category,Cleaning,Mops & Equipment,Mop Heads,,,
2103,RCPCC16MCGL,Default Category,Waste,Indoor Waste Receptacles,Metal Receptacles,,,
2104,RCPCC16SSS,Default Category,Waste,Indoor Waste Receptacles,Metal Receptacles,,,
2105,RCPCL1,Default Category,Waste,Labels,,,,
2106,RCPCL3,Default Category,Waste,Labels,,,,
2107,RCPD111,Default Category,Cleaning,Mops & Equipment,Mop Heads,,,
2108,RCPD113,Default Category,Cleaning,Mops & Equipment,Mop Heads,,,
2109,RCPD153,Default Category,Cleaning,Mops & Equipment,Mop Heads,,,
2110,RCPD211BLU,Default Category,Cleaning,Mops & Equipment,Mop Heads,,,
2111,RCPD212BLU,Default Category,Cleaning,Mops & Equipment,Mop Heads,,,
2112,RCPD212WHI,Default Category,Cleaning,Mops & Equipment,Mop Heads,,,
2113,RCPD212GRE,Default Category,Cleaning,Mops & Equipment,Mop Heads,,,
2114,RCPD213RED,Default Category,Cleaning,Mops & Equipment,Mop Heads,,,
2115,RCPD213BLU,Default Category,Cleaning,Mops & Equipment,Mop Heads,,,
2116,RCPD213GRE,Default Category,Cleaning,Mops & Equipment,Mop Heads,,,
2117,RCPD213WHI,Default Category,Cleaning,Mops & Equipment,Mop Heads,,,
2118,RCPD251GRE,Default Category,Cleaning,Mops & Equipment,Mop Heads,,,
2119,RCPD251BLU,Default Category,Cleaning,Mops & Equipment,Mop Heads,,,
2120,RCPD252BLU,Default Category,Cleaning,Mops & Equipment,Mop Heads,,,
2121,RCPD252GRE,Default Category,Cleaning,Mops & Equipment,Mop Heads,,,
2122,RCPD252WHI,Default Category,Cleaning,Mops & Equipment,Mop Heads,,,
2123,RCPD252RED,Default Category,Cleaning,Mops & Equipment,Mop Heads,,,
2124,RCPD253BLU,Default Category,Cleaning,Mops & Equipment,Mop Heads,,,
2125,RCPD253GRE,Default Category,Cleaning,Mops & Equipment,Mop Heads,,,
2126,RCPD253RED,Default Category,Cleaning,Mops & Equipment,Mop Heads,,,
2127,RCPD253WHI,Default Category,Cleaning,Mops & Equipment,Mop Heads,,,
2128,RCPD413,Default Category,Cleaning,Mops & Equipment,Finish Mops & Applicators,,,
2129,RCPD552,Default Category,Cleaning,Mops & Equipment,Finish Mops & Applicators,,,
2130,RCPD553,Default Category,Cleaning,Mops & Equipment,Finish Mops & Applicators,,,
2131,RCPDCR24CSM,Default Category,Waste,Recycling Containers,,,,
2132,RCPDCR24PSM,Default Category,Waste,Recycling Containers,,,,
2133,RCPDCR24TSM,Default Category,Waste,Indoor Waste Receptacles,Metal Receptacles,,,
2134,RCPDRR24TSM,Default Category,Waste,Indoor Waste Receptacles,Metal Receptacles,,,
2135,RCPE052,Default Category,Cleaning,Mops & Equipment,Finish Mops & Applicators,,,
2136,RCPE138,Default Category,Cleaning,Mops & Equipment,Mop Heads,,,
2137,RCPE139,Default Category,Cleaning,Mops & Equipment,Mop Heads,,,
2138,RCPE238,Default Category,Cleaning,Mops & Equipment,Mop Heads,,,
2139,RCPE239,Default Category,Cleaning,Mops & Equipment,Mop Heads,,,
2140,RCPE43812,Default Category,Cleaning,Mops & Equipment,Mop Heads,,,
2141,RCPF11612,Default Category,Cleaning,Mops & Equipment,Mop Heads,,,
2142,RCPF11712,Default Category,Cleaning,Mops & Equipment,Mop Heads,,,
2143,RCPF11812,Default Category,Cleaning,Mops & Equipment,Mop Heads,,,
2144,RCPF131SBL,Default Category,Cleaning,Mops & Equipment,Mop Heads,,,
2145,RCPF136SBL,Default Category,Cleaning,Mops & Equipment,Mop Heads,,,
2146,RCPF137SBL,Default Category,Cleaning,Mops & Equipment,Mop Heads,,,
2147,RCPF158WHI,Default Category,Cleaning,Mops & Equipment,Mop Heads,,,
2148,RCPF167,Default Category,Cleaning,Mops & Equipment,Mop Heads,,,
2149,RCPF168,Default Category,Cleaning,Mops & Equipment,Mop Heads,,,
2150,RCPF216,Default Category,Cleaning,Mops & Equipment,Mop Heads,,,
2151,RCPF217,Default Category,Cleaning,Mops & Equipment,Mop Heads,,,
2152,RCPF218,Default Category,Cleaning,Mops & Equipment,Mop Heads,,,
2153,RCPF416WHI,Default Category,Cleaning,Mops & Equipment,Mop Heads,,,
2154,RCPF417WHI,Default Category,Cleaning,Mops & Equipment,Mop Heads,,,
2155,RCPF41812,Default Category,Cleaning,Mops & Equipment,Mop Heads,,,
2156,RCPF51612BLU,Default Category,Cleaning,Mops & Equipment,Mop Heads,,,
2157,RCPF51712BLU,Default Category,Cleaning,Mops & Equipment,Mop Heads,,,
2158,RCPF51812BLU,Default Category,Cleaning,Mops & Equipment,Mop Heads,,,
2159,RCPF558WHI,Default Category,Cleaning,Mops & Equipment,Mop Heads,,,
2160,RCPF558BLU,Default Category,Cleaning,Mops & Equipment,Mop Heads,,,
2161,RCPG04204,Default Category,Cleaning,Mops & Equipment,Mops,,,
2162,RCPG04300,Default Category,Cleaning,Mops & Equipment,Mop Heads,,,
2163,RCPG780,Default Category,Cleaning,Mops & Equipment,Mops,,,
2164,RCPG781,Default Category,Cleaning,Mops & Equipment,Mop Heads,,,
2165,RCPH115,Default Category,Cleaning,Mops & Equipment,Mop Handles,,,
2166,RCPH116,Default Category,Cleaning,Mops & Equipment,Mop Handles,,,
2167,RCPH117,Default Category,Cleaning,Mops & Equipment,Mop Handles,,,
2168,RCPH126,Default Category,Cleaning,Mops & Equipment,Mop Handles,,,
2169,RCPH135,Default Category,Cleaning,Mops & Equipment,Mop Handles,,,
2170,RCPH136,Default Category,Cleaning,Mops & Equipment,Mop Handles,,,
2171,RCPH145,Default Category,Cleaning,Mops & Equipment,Mop Handles,,,
2172,RCPH146BLU,Default Category,Cleaning,Mops & Equipment,Mop Handles,,,
2173,RCPH146,Default Category,Cleaning,Mops & Equipment,Mop Handles,,,
2174,RCPH146RED,Default Category,Cleaning,Mops & Equipment,Mop Handles,,,
2175,RCPH146GRE,Default Category,Cleaning,Mops & Equipment,Mop Handles,,,
2176,RCPH215,Default Category,Cleaning,Mops & Equipment,Mop Handles,,,
2177,RCPH216,Default Category,Cleaning,Mops & Equipment,Mop Handles,,,
2178,RCPH217,Default Category,Cleaning,Mops & Equipment,Mop Handles,,,
2179,RCPH226,Default Category,Cleaning,Mops & Equipment,Mop Handles,,,
2180,RCPH235,Default Category,Cleaning,Mops & Equipment,Mop Handles,,,
2181,RCPH236,Default Category,Cleaning,Mops & Equipment,Mop Handles,,,
2182,RCPH245,Default Category,Cleaning,Mops & Equipment,Mop Handles,,,
2183,RCPH246GRA,Default Category,Cleaning,Mops & Equipment,Mop Handles,,,
2184,RCPH246BLU,Default Category,Cleaning,Mops & Equipment,Mop Handles,,,
2185,RCPH246RED,Default Category,Cleaning,Mops & Equipment,Mop Handles,,,
2186,RCPH316,Default Category,Cleaning,Mops & Equipment,Mop Handles,,,
2187,RCPH516,Default Category,Cleaning,Mops & Equipment,Mop Handles,,,
2188,RCPJ15112,Default Category,Cleaning,Mops & Equipment,Floor Dusters & Accessories,,,
2189,RCPJ152,Default Category,Cleaning,Mops & Equipment,Floor Dusters & Accessories,,,
2190,RCPJ153,Default Category,Cleaning,Mops & Equipment,Floor Dusters & Accessories,,,
2191,RCPJ155,Default Category,Cleaning,Mops & Equipment,Floor Dusters & Accessories,,,
2192,RCPJ253BLU,Default Category,Cleaning,Mops & Equipment,Mop Heads,,,
2193,RCPJ353,Default Category,Cleaning,Mops & Equipment,Mop Heads,,,
2194,RCPJ855,Default Category,Cleaning,Mops & Equipment,Microfiber Mops, Pads & Handles,,
2195,RCPK15312BLU,Default Category,Cleaning,Mops & Equipment,Floor Dusters & Accessories,,,
2196,RCPK15512,Default Category,Cleaning,Mops & Equipment,Mop Heads,,,
2197,RCPL15312WHI,Default Category,Cleaning,Mops & Equipment,Floor Dusters & Accessories,,,
2198,RCPL15512WHI,Default Category,Cleaning,Mops & Equipment,Floor Dusters & Accessories,,,
2199,RCPL15712WHI,Default Category,Cleaning,Mops & Equipment,Mop Heads,,,
2200,RCPL253,Default Category,Cleaning,Mops & Equipment,Mop Heads,,,
2201,RCPL255,Default Category,Cleaning,Mops & Equipment,Mop Heads,,,
2202,RCPM150,Default Category,Cleaning,Mops & Equipment,Floor Dusters & Accessories,,,
2203,RCPM1564200,Default Category,Material Handling,Big Wheel & Tractor Carts,Tractor & Big Wheel Carts,Utility Carts,,
2204,RCPM1565400,Default Category,Agriculture,Material Handling,Big Wheel & Tractor Carts,Tractor & Big Wheel Carts,,
2205,RCPM1566000,Default Category,Agriculture,Material Handling,Big Wheel & Tractor Carts,Tractor & Big Wheel Carts,,
2206,RCPM1566200,Default Category,Agriculture,Material Handling,Big Wheel & Tractor Carts,Tractor & Big Wheel Carts,,
2207,RCPM25212,Default Category,Cleaning,Mops & Equipment,Floor Dusters & Accessories,,,
2208,RCPM25312,Default Category,Cleaning,Mops & Equipment,Floor Dusters & Accessories,,,
2209,RCPM25512,Default Category,Cleaning,Mops & Equipment,Floor Dusters & Accessories,,,
2210,RCPM25712,Default Category,Cleaning,Mops & Equipment,Floor Dusters & Accessories,,,
2211,RCPMST35EPLWH,Default Category,Waste,Indoor Waste Receptacles,Metal Receptacles,,,
2212,RCPMST35ERD,Default Category,Waste,Indoor Waste Receptacles,Metal Receptacles,,,
2213,RCPMST35SSPL,Default Category,Waste,Indoor Waste Receptacles,Metal Receptacles,,,
2214,RCPMST7SSGL,Default Category,Waste,Indoor Waste Receptacles,Medical Waste ,,,
2215,RCPP267,Default Category,Cleaning,Floor & Carpet Care,Carpet Bonnets,,,
2216,RCPP269,Default Category,Cleaning,Floor & Carpet Care,Carpet Bonnets,,,
2217,RCPP271,Default Category,Cleaning,Floor & Carpet Care,Carpet Bonnets,,,
2218,RCPQ050,Default Category,Cleaning,Mops & Equipment,Finish Mops & Applicators,,,
2219,RCPQ180BLA,Default Category,Cleaning,Mops & Equipment,Floor Dusters & Accessories,,,
2220,RCPQ200,Default Category,Cleaning,Mops & Equipment,Finish Mops & Applicators,,,
2221,RCPQ311,Default Category,Cleaning,Mops & Equipment,Mop Handles,,,
2222,RCPQ322,Default Category,Cleaning,Brooms, Brushes & Dusters,Dusters,,
2223,RCPQ326,Default Category,Cleaning,Brooms, Brushes & Dusters,Dusters,,
2224,RCPQ408GRE,Default Category,Cleaning,Mops & Equipment,Floor Dusters & Accessories,,,
2225,RCPQ409BLU,Default Category,Cleaning,Mops & Equipment,Microfiber Mops, Pads & Handles,,
2226,RCPQ410GRE,Default Category,Cleaning,Mops & Equipment,Microfiber Mops, Pads & Handles,,
2227,RCPQ410RED,Default Category,Cleaning,Mops & Equipment,Microfiber Mops, Pads & Handles,,
2228,RCPQ410BLU,Default Category,Cleaning,Mops & Equipment,Microfiber Mops, Pads & Handles,,
2229,RCPQ411BLU,Default Category,Cleaning,Mops & Equipment,Microfiber Mops, Pads & Handles,,
2230,RCPQ412WHI,Default Category,Cleaning,Mops & Equipment,Microfiber Mops, Pads & Handles,,
2231,RCPQ412GRE,Default Category,Cleaning,Mops & Equipment,Microfiber Mops, Pads & Handles,,
2232,RCPQ415,Default Category,Cleaning,Mops & Equipment,Microfiber Mops, Pads & Handles,,
2233,RCPQ416,Default Category,Cleaning,Mops & Equipment,Floor Dusters & Accessories,,,
2234,RCPQ418,Default Category,Cleaning,Mops & Equipment,Microfiber Mops, Pads & Handles,,
2235,RCPQ426,Default Category,Cleaning,Mops & Equipment,Microfiber Mops, Pads & Handles,,
2236,RCPQ436GRE,Default Category,Cleaning,Mops & Equipment,Microfiber Mops, Pads & Handles,,
2237,RCPQ438,Default Category,Cleaning,Mops & Equipment,Floor Dusters & Accessories,,,
2238,RCPQ449,Default Category,Cleaning,Mops & Equipment,Floor Dusters & Accessories,,,
2239,RCPQ460GRE,Default Category,Cleaning,Mops & Equipment,Floor Dusters & Accessories,,,
2240,RCPQ550,Default Category,Cleaning,Mops & Equipment,Microfiber Mops, Pads & Handles,,
2241,RCPQ559BLA,Default Category,Cleaning,Mops & Equipment,Microfiber Mops, Pads & Handles,,
2242,RCPQ560,Default Category,Cleaning,Mops & Equipment,Microfiber Mops, Pads & Handles,,
2243,RCPQ570,Default Category,Cleaning,Mops & Equipment,Microfiber Mops, Pads & Handles,,
2244,RCPQ580YEL,Default Category,Cleaning,Mops & Equipment,Microfiber Mops, Pads & Handles,,
2245,RCPQ590YEL,Default Category,Cleaning,Mops & Equipment,Microfiber Mops, Pads & Handles,,
2246,RCPQ610YEL,Default Category,Cleaning,Microfiber Cloths,,,,
2247,RCPQ620BLU,Default Category,Cleaning,Microfiber Cloths,,,,
2248,RCPQ620RED,Default Category,Cleaning,Microfiber Cloths,,,,
2249,RCPQ620GRE,Default Category,Cleaning,Microfiber Cloths,,,,
2250,RCPQ630BLU,Default Category,Cleaning,Microfiber Cloths,,,,
2251,RCPQ745,Default Category,Cleaning,Mops & Equipment,Mop Handles,,,
2252,RCPQ749YEL,Default Category,Cleaning,Mops & Equipment,Microfiber Mops, Pads & Handles,,
2253,RCPQ750,Default Category,Cleaning,Mops & Equipment,Microfiber Mops, Pads & Handles,,
2254,RCPQ755,Default Category,Cleaning,Mops & Equipment,Mop Handles,,,
2255,RCPQ760,Default Category,Cleaning,Mops & Equipment,Microfiber Mops, Pads & Handles,,
2256,RCPQ775YEL,Default Category,Cleaning,Mops & Equipment,Mop Handles,,,
2257,RCPQ800WHI,Default Category,Cleaning,Mops & Equipment,Microfiber Mops, Pads & Handles,,
2258,RCPQ805,Default Category,Cleaning,Mops & Equipment,Finish Mops & Applicators,,,
2259,RCPQ810,Default Category,Cleaning,Mops & Equipment,Microfiber Mops, Pads & Handles,,
2260,RCPQ820BLU,Default Category,Cleaning,Mops & Equipment,Microfiber Mops, Pads & Handles,,
2261,RCPQ850,Default Category,Cleaning,Brooms, Brushes & Dusters,Dusters,,
2262,RCPQ851,Default Category,Cleaning,Brooms, Brushes & Dusters,Dusters,,
2263,RCPQ852WHI,Default Category,Cleaning,Brooms, Brushes & Dusters,Dusters,,
2264,RCPQ853WHI,Default Category,Cleaning,Brooms, Brushes & Dusters,Dusters,,
2265,RCPQ855,Default Category,Cleaning,Mops & Equipment,Floor Dusters & Accessories,,,
2266,RCPQ861WHI,Default Category,Cleaning,Mops & Equipment,Microfiber Mops, Pads & Handles,,
2267,RCPQ881YEL,Default Category,Cleaning,Mops & Equipment,Microfiber Mops, Pads & Handles,,
2268,RCPQ891BLU,Default Category,Cleaning,Mops & Equipment,Microfiber Mops, Pads & Handles,,
2270,RCPQ930,Default Category,Cleaning,Mops & Equipment,Buckets & Wringers,,,
2271,RCPQ95088YEL,Default Category,Cleaning,Mops & Equipment,Buckets & Wringers,,,
2272,RCPQ966,Default Category,Cleaning,Mops & Equipment,Microfiber Mops, Pads & Handles,,
2273,RCPQ979,Default Category,Cleaning,Mops & Equipment,Mops,,,
2274,RCPQ989,Default Category,Cleaning,Mops & Equipment,Finish Mops & Applicators,,,
2275,RCPQST24SSPL,Default Category,Waste,Indoor Waste Receptacles,Medical Waste ,,,
2276,RCPR1012EBK,Default Category,Waste,Smoking Receptacles,,,,
2277,RCPR1536EGLALM,Default Category,Waste,Indoor Waste Receptacles,Metal Receptacles,,,
2278,RCPR1536EGLW,Default Category,Waste,Indoor Waste Receptacles,Metal Receptacles,,,
2279,RCPR1536EOTBKGL,Default Category,Waste,Indoor Waste Receptacles,Metal Receptacles,,,
2280,RCPR1536EPLBLK,Default Category,Waste,Indoor Waste Receptacles,Metal Receptacles,,,
2281,RCPR1536MCGL,Default Category,Waste,Indoor Waste Receptacles,Metal Receptacles,,,
2282,RCPR1536SSSGL,Default Category,Waste,Outdoor Waste Receptacles,Metal Receptacles,,,
2283,RCPR1639EHBZ,Default Category,Waste,Smoking Receptacles,,,,
2284,RCPR1639EHGR,Default Category,Waste,Smoking Receptacles,,,,
2285,RCPR18SU201PL,Default Category,Waste,Smoking Receptacles,,,,
2286,RCPR1BK,Default Category,Waste,Smoking Receptacles,,,,
2287,RCPR1SM,Default Category,Waste,Smoking Receptacles,,,,
2288,RCPR2030EPLBK,Default Category,Waste,Indoor Waste Receptacles,Metal Receptacles,,,
2289,RCPR2030SSPL,Default Category,Waste,Indoor Waste Receptacles,Metal Receptacles,,,
2290,RCPR32SSS,Default Category,Waste,Indoor Waste Receptacles,Waste Receptacles,,,
2291,RCPR93400BK,Default Category,Waste,Smoking Receptacles,,,,
2292,RCPRSW2,Default Category,Waste,Recycling Containers,,,,
2293,RCPSO810BPL,Default Category,Waste,Indoor Waste Receptacles,Metal Receptacles,,,
2294,RCPS25,Default Category,Waste,Smoking Receptacles,,,,
2295,RCPS299,Default Category,Cleaning,Mops & Equipment,Finish Mops & Applicators,,,
2296,RCPS3ETBKPL,Default Category,Waste,Indoor Waste Receptacles,Metal Receptacles,,,
2297,RCPSBR52BK,Default Category,Waste,Indoor Waste Receptacles,Wastebaskets,,,
2298,RCPSC14EPLSM,Default Category,Waste,Indoor Waste Receptacles,Metal Receptacles,,,
2299,RCPSC18EPLSM,Default Category,Waste,Indoor Waste Receptacles,Metal Receptacles,,,
2300,RCPSH12EPLSM,Default Category,Waste,Indoor Waste Receptacles,Metal Receptacles,,,
2301,RCPSO1220PLBK,Default Category,Waste,Indoor Waste Receptacles,Metal Receptacles,,,
2302,RCPSO12SSSPL,Default Category,Waste,Indoor Waste Receptacles,Metal Receptacles,,,
2303,RCPSO16SSSGL,Default Category,Waste,Indoor Waste Receptacles,Metal Receptacles,,,
2304,RCPSO820PLBK,Default Category,Waste,Indoor Waste Receptacles,Metal Receptacles,,,
2305,RCPSO8SSSPL,Default Category,Waste,Indoor Waste Receptacles,Medical Waste ,,,
2306,RCPSR18EPLSM,Default Category,Waste,Indoor Waste Receptacles,Metal Receptacles,,,
2307,RCPST12ERBWHI,Default Category,Waste,Indoor Waste Receptacles,Medical Waste ,,,
2308,RCPST12EPLRED,Default Category,Waste,Indoor Waste Receptacles,Medical Waste ,,,
2309,RCPST12EPLWH,Default Category,Waste,Indoor Waste Receptacles,Medical Waste ,,,
2310,RCPST24EPLRED,Default Category,Waste,Indoor Waste Receptacles,Metal Receptacles,,,
2311,RCPST24ERBWHI,Default Category,Waste,Indoor Waste Receptacles,Medical Waste ,,,
2312,RCPST24SSPL,Default Category,Waste,Indoor Waste Receptacles,Metal Receptacles,,,
2313,RCPST24SSRB,Default Category,Waste,Indoor Waste Receptacles,Metal Receptacles,,,
2314,RCPST40SSPL,Default Category,Waste,Indoor Waste Receptacles,Medical Waste ,,,
2315,RCPST5EGLRED,Default Category,Waste,Indoor Waste Receptacles,Medical Waste ,,,
2316,RCPST7EPLRED,Default Category,Waste,Indoor Waste Receptacles,Medical Waste ,,,
2317,RCPST7SSPL,Default Category,Waste,Indoor Waste Receptacles,Medical Waste ,,,
2318,RCPST7SSRB,Default Category,Waste,Indoor Waste Receptacles,Medical Waste ,,,
2319,RCPT110,Default Category,Cleaning,Brooms, Brushes & Dusters,Dusters,,
2320,RCPT120,Default Category,Cleaning,Brooms, Brushes & Dusters,Dusters,,
2321,RCPT130,Default Category,Cleaning,Brooms, Brushes & Dusters,Dusters,,
2322,RCPT1424SSPL,Default Category,Waste,Indoor Waste Receptacles,Metal Receptacles,,,
2323,RCPT1424SSRB,Default Category,Waste,Indoor Waste Receptacles,Metal Receptacles,,,
2324,RCPT199,Default Category,Cleaning,Brooms, Brushes & Dusters,Dusters,,
2325,RCPT20006,Default Category,Cleaning,Mops & Equipment,Finish Mops & Applicators,,,
2326,RCPT20106,Default Category,Cleaning,Mops & Equipment,Finish Mops & Applicators,,,
2327,RCPT255,Default Category,Cleaning,Mops & Equipment,Mop Heads,,,
2328,RCPT256,Default Category,Cleaning,Mops & Equipment,Mop Heads,,,
2329,RCPT300,Default Category,Cleaning,Mops & Equipment,Mop Heads,,,
2330,RCPT410,Default Category,Cleaning,Brooms, Brushes & Dusters,Dusters,,
2331,RCPT499,Default Category,Cleaning,Brooms, Brushes & Dusters,Dusters,,
2332,RCPT81206GRE,Default Category,Cleaning,Mops & Equipment,Microfiber Mops, Pads & Handles,,
2333,RCPT85206GRE,Default Category,Cleaning,Mops & Equipment,Microfiber Mops, Pads & Handles,,
2334,RCPU120,Default Category,Cleaning,Mops & Equipment,Floor Dusters & Accessories,,,
2335,RCPU130,Default Category,Cleaning,Mops & Equipment,Floor Dusters & Accessories,,,
2336,RCPU210,Default Category,Cleaning,Laundry Products,,,,
2337,RCPUB1900SSS,Default Category,Waste,Indoor Waste Receptacles,Wastebaskets,,,
2338,RCPV116,Default Category,Cleaning,Mops & Equipment,Mop Heads,,,
2339,RCPV117,Default Category,Cleaning,Mops & Equipment,Mop Heads,,,
2340,RCPV118,Default Category,Cleaning,Mops & Equipment,Mop Heads,,,
2341,RCPV119,Default Category,Cleaning,Mops & Equipment,Mop Heads,,,
2342,RCPV156,Default Category,Cleaning,Mops & Equipment,Mop Heads,,,
2343,RCPV158,Default Category,Cleaning,Mops & Equipment,Mop Heads,,,
2344,RCPV418,Default Category,Cleaning,Mops & Equipment,Mop Heads,,,
2345,RCPWB26BLA,Default Category,Waste,Indoor Waste Receptacles,Wastebaskets,,,
2346,RCPWB29RSS,Default Category,Waste,Indoor Waste Receptacles,Wastebaskets,,,
2347,RCPWB30RAL,Default Category,Waste,Indoor Waste Receptacles,Wastebaskets,,,
2348,RCPWB96RAL,Default Category,Waste,Indoor Waste Receptacles,Wastebaskets,,,
2349,RCPWB96RBLA,Default Category,Waste,Indoor Waste Receptacles,Metal Receptacles,Wastebaskets,,
2350,RCPWMB20BK,Default Category,Waste,Indoor Waste Receptacles,Wastebaskets,,,
2351,RCPWMB30RBK,Default Category,Waste,Indoor Waste Receptacles,Metal Receptacles,Wastebaskets,,
2352,RCP125PCLE,Default Category,Food Service,Kitchen Supplies,Cold & Hot Food Pans,,,
2353,RCP25051,Wastebaskets,,,,,,
2354,RCP1966882,Default Category,Material Handling,Janitor Carts,,,,
2355,1966882,Default Category,Material Handling,Janitor Carts,,,,
2356,RCP1792371,Default Category,Indoor Waste Receptacles,Outdoor Waste Receptacles,Recycling Containers,,,
2357,RCP1966883,Default Category,Material Handling,Janitor Carts,,,,
2358,RCP1883455,Default Category,Waste,Indoor Waste Receptacles,Slim Jim Containers,Step-on Containers,,
2359,RCP1883458,Default Category,Waste,Indoor Waste Receptacles,Slim Jim Containers,Step-on Containers,,
2360,,Default Category,Waste,Indoor Waste Receptacles,Slim Jim Containers,Step-on Containers,,
2361,RCP1883460,Default Category,Waste,Indoor Waste Receptacles,Slim Jim Containers,Step-on Containers,,
2362,RCP1883552,Default Category,Waste,Indoor Waste Receptacles,Slim Jim Containers,Step-on Containers,,
2363,RCP1883628,Default Category,Waste,Indoor Waste Receptacles,Slim Jim Containers,Step-on Containers,Rigid Liners,
2364,RCP1883619,Default Category,Waste,Indoor Waste Receptacles,Slim Jim Containers,Step-on Containers,Rigid Liners,
2365,RCP1883620,Default Category,Waste,Indoor Waste Receptacles,Slim Jim Containers,Step-on Containers,Rigid Liners,
2366,RCP1792339,Default Category,Indoor Waste Receptacles,Outdoor Waste Receptacles,Recycling Containers,,,
2367,RCP1883554,Default Category,Waste,Indoor Waste Receptacles,Slim Jim Containers,Step-on Containers,,
2368,RCP1883617,Default Category,Waste,Indoor Waste Receptacles,Slim Jim Containers,Step-on Containers,,
2369,RCP1883617,Default Category,Waste,Indoor Waste Receptacles,Slim Jim Containers,Step-on Containers,Rigid Liners,
2371,RCP1883456,Default Category,Waste,Indoor Waste Receptacles,Slim Jim Containers,Step-on Containers,,
2372,RCP1883555,Default Category,Waste,Indoor Waste Receptacles,Slim Jim Containers,Step-on Containers,,
2373,,Default Category,Waste,Indoor Waste Receptacles,Slim Jim Containers,Step-on Containers,,
2375,RCP1883573,Default Category,Waste,Indoor Waste Receptacles,Slim Jim Containers,Step-on Containers,,
2376,,Default Category,Waste,Indoor Waste Receptacles,Slim Jim Containers,Step-on Containers,,
2377,RCP1883564,Default Category,Waste,Indoor Waste Receptacles,Slim Jim Containers,Step-on Containers,,
2378,RCP1883591,Default Category,Waste,Indoor Waste Receptacles,Slim Jim Containers,Step-on Containers,,
2379,RCP1883582,Default Category,Waste,Indoor Waste Receptacles,Slim Jim Containers,Step-on Containers,,
2380,RCP1883600,Default Category,Waste,Indoor Waste Receptacles,Slim Jim Containers,Step-on Containers,,
2381,RCP1883609,Default Category,Waste,Indoor Waste Receptacles,Slim Jim Containers,Step-on Containers,,
2382,RCP1883563,Default Category,Waste,Indoor Waste Receptacles,Slim Jim Containers,Step-on Containers,,
2383,RCP1883599,Default Category,Waste,Indoor Waste Receptacles,Slim Jim Containers,Step-on Containers,,
2384,RCP1883608,Default Category,Waste,Indoor Waste Receptacles,Slim Jim Containers,Step-on Containers,,
2385,RCP1883590,Default Category,Waste,Indoor Waste Receptacles,Slim Jim Containers,Step-on Containers,,
2386,RCP1883581,Default Category,Waste,Indoor Waste Receptacles,Slim Jim Containers,Step-on Containers,,
2387,RCP1883557,Default Category,Waste,Indoor Waste Receptacles,Slim Jim Containers,Step-on Containers,,
2388,RCP1883575,Default Category,Waste,Indoor Waste Receptacles,Slim Jim Containers,Step-on Containers,,
2389,RCP1883602,Default Category,Waste,Indoor Waste Receptacles,Slim Jim Containers,Step-on Containers,,
2390,RCP1883566,Default Category,Waste,Indoor Waste Receptacles,Slim Jim Containers,Step-on Containers,,
2391,RCP1883661,Default Category,Waste,Indoor Waste Receptacles,Slim Jim Containers,Step-on Containers,,
2392,RCP1883661,Default Category,Waste,Indoor Waste Receptacles,Slim Jim Containers,Step-on Containers,,
2393,RCP1883593,Default Category,Waste,Indoor Waste Receptacles,Slim Jim Containers,Step-on Containers,,
2394,1883593,Default Category,Waste,Indoor Waste Receptacles,Slim Jim Containers,Step-on Containers,,
2395,1883584,Default Category,Waste,Indoor Waste Receptacles,Slim Jim Containers,Step-on Containers,,
2396,RCP1883604,Default Category,Waste,Indoor Waste Receptacles,Slim Jim Containers,Step-on Containers,,
2397,RCP1883613,Default Category,Waste,Indoor Waste Receptacles,Slim Jim Containers,Step-on Containers,,
2398,RCP1883568,Default Category,Waste,Indoor Waste Receptacles,Slim Jim Containers,Step-on Containers,,
2399,RCP1883577,Default Category,Waste,Indoor Waste Receptacles,Slim Jim Containers,Step-on Containers,,
2400,RCP1883559,Default Category,Waste,Indoor Waste Receptacles,Slim Jim Containers,Step-on Containers,,
2401,RCP1883595,Default Category,Waste,Indoor Waste Receptacles,Slim Jim Containers,Step-on Containers,,
2402,RCP1883586,Default Category,Waste,Indoor Waste Receptacles,Slim Jim Containers,Step-on Containers,,
2403,RCP1883606,Default Category,Waste,Indoor Waste Receptacles,Slim Jim Containers,Step-on Containers,,
2404,RCP1883570,Default Category,Waste,Indoor Waste Receptacles,Slim Jim Containers,Step-on Containers,,
2405,RCP1883615,Default Category,Waste,Indoor Waste Receptacles,Slim Jim Containers,Step-on Containers,,
2406,RCP1883597,Default Category,Waste,Indoor Waste Receptacles,Slim Jim Containers,Step-on Containers,,
2407,RCP1883588,Default Category,Waste,Indoor Waste Receptacles,Slim Jim Containers,Step-on Containers,,
2408,RCP1883561,Default Category,Waste,Indoor Waste Receptacles,Slim Jim Containers,Step-on Containers,,
2409,RCP1883579,Default Category,Waste,Indoor Waste Receptacles,Slim Jim Containers,Step-on Containers,,
2410,RCP1883618,Default Category,Waste,Indoor Waste Receptacles,Slim Jim Containers,Step-on Containers,Rigid Liners,
2412,RUB7083,Default Category,Cleaning,Storage Sheds,,,,
2413,RUB3748,Default Category,Cleaning,Storage Sheds,,,,
2414,RUB3747,Default Category,Cleaning,Storage Sheds,,,,
2415,RHP7085,Default Category,Cleaning,Storage Sheds,,,,
2416,RCP9F35,Default Category,Food Service,Pizza Supplies,,,,
2417,RCP9F36,Default Category,Food Service,Pizza Supplies,,,,
2418,RCP9F38,Default Category,Food Service,Pizza Supplies,,,,
2419,RCP452010Bla,Default Category,Material Handling,Utility Carts,,,,
